Solar meter,Working,2
Solar meter,Working,3
Solar meter,Working,4
Solar meter,Working,5
Solar meter,Working,6
Solar meter,Working,7
Solar meter,Working,8
Solar meter,Working,9
Solar meter,Working,10
Solar meter,Working,11
Solar meter,Working,12
Solar meter,Working,13
Solar meter,Working,14
Solar meter,Working,15
Solar meter,Working,16
Solar meter,Working,17
Solar meter,Working,18
Solar meter,Working,19
Solar meter,Working,20
Solar meter,Working,21
Solar meter,Working,22
Solar meter,Working,23
Solar meter,Working,24
Solar meter,Working,25
Solar meter,Working,26
Solar meter,Working,27
Solar meter,Working,28
Solar meter,Working,29
Solar meter,Working,30
Solar meter,Working,31
Solar meter,Working,32
Solar meter,Working,33
Solar meter,Working,34
Solar meter,Working,35
Solar meter,Working,36
Solar meter,Working,37
Solar meter,Working,38
Solar meter,Working,39
Solar meter,Working,40
Solar meter,Working,41
Solar meter,Working,42
Solar meter,Working,43
Solar meter,Working,44
Solar meter,Working,45
Solar meter,Working,46
Solar meter,Working,47
Solar meter,Working,48
